<?xml version="1.0" encoding="UTF-8"?>
<!DOCTYPE mapper PUBLIC "-//mybatis.org//DTD Mapper 3.0//EN" "http://mybatis.org/dtd/mybatis-3-mapper.dtd">

<mapper namespace="board">	

	<insert id="add" parameterType="net.hb.crud.BoardDTO">
	   insert into hobby
	   values(hobby_seq.nextVal, #{name}, #{title}, #{content}, #{gender}, #{hobby}, #{img_file_name} )    
	</insert>
	
	<select id="selectAll" resultType="net.hb.crud.BoardDTO">
	   select  rownum rn, h.* from  hobby h 
	</select>
	
	<select id="selectAll789" parameterType="net.hb.crud.BoardDTO" resultType="net.hb.crud.BoardDTO">
	   select * from (select rownum rn, h.* from hobby h where ${skey} like '%' || #{sval} || '%') where rn between #{start} and #{end}
	</select>
	
	<select id="countAll" resultType="int">
	   select count(*)  from hobby
	</select>
	
	<select id="countAllsearch" parameterType="net.hb.crud.BoardDTO" resultType="int">
	   select count(*)  from hobby where ${skey} like '%' || #{sval} || '%'
	</select>
	
	<select id="detail" parameterType="int" resultType="net.hb.crud.BoardDTO">
	   select * from hobby where hobby_idx = #{data}
	</select>
	
	<select id="delete" parameterType="int" >
	   delete from hobby where hobby_idx = #{data}
	</select>
	
	<select id="edit" parameterType="net.hb.crud.BoardDTO">
	   update hobby set name=#{name},title=#{title},content=#{content},gender=#{gender},hobby=#{hobby},img_file_name=#{img_file_name} where hobby_idx = #{hobby_idx}
	</select>
	
</mapper>







